split,class_id,class_name,instances,images,percentage
train,0,short_sleeve_top,71644,70585,22.9494
train,1,long_sleeve_top,36064,35751,11.5522
train,2,short_sleeve_outwear,543,539,0.1739
train,3,long_sleeve_outwear,13457,13381,4.3106
train,4,vest,16094,15973,5.1553
train,5,sling,1985,1964,0.6358
train,6,shorts,36616,36332,11.729
train,7,trousers,55387,54969,17.7418
train,8,skirt,30835,30625,9.8772
train,9,short_sleeve_dress,17211,17028,5.5131
train,10,long_sleeve_dress,7907,7803,2.5328
train,11,vest_dress,17949,17767,5.7495
train,12,sling_dress,6491,6454,2.0792
validation,0,short_sleeve_top,12556,12371,23.9207
validation,1,long_sleeve_top,5966,5916,11.366
validation,2,short_sleeve_outwear,142,142,0.2705
validation,3,long_sleeve_outwear,2011,1999,3.8312
validation,4,vest,2113,2098,4.0255
validation,5,sling,322,317,0.6135
validation,6,shorts,4167,4133,7.9387
validation,7,trousers,9586,9494,18.2625
validation,8,skirt,6522,6499,12.4252
validation,9,short_sleeve_dress,3127,3076,5.9573
validation,10,long_sleeve_dress,1477,1460,2.8139
validation,11,vest_dress,3352,3319,6.386
validation,12,sling_dress,1149,1137,2.189
